order_id,session_id,user_id,order_date,total_amount,items_count
ORD_000001,SES_000919,USER_001867,2025-11-04 16:46:22,78.28,8
ORD_000002,SES_001398,USER_000708,2025-10-25 09:21:22,294.18,1
ORD_000003,SES_000875,USER_001211,2025-12-04 06:09:22,34.92,7
ORD_000004,SES_003147,USER_001090,2025-11-27 04:19:22,8.35,1
ORD_000005,SES_002891,USER_001623,2025-10-17 00:24:22,58.21,1
ORD_000006,SES_001450,USER_001472,2025-09-28 00:13:22,112.62,7
ORD_000007,SES_003055,USER_001813,2025-10-20 01:21:22,30.04,6
ORD_000008,SES_000491,USER_000893,2025-12-07 14:38:22,21.75,2
ORD_000009,SES_004562,USER_001110,2025-12-19 00:27:22,166.45,6
ORD_000010,SES_000963,USER_001052,2025-11-09 10:30:22,24.85,7
ORD_000011,SES_003016,USER_001649,2025-11-20 18:17:22,26.67,1
ORD_000012,SES_004638,USER_001679,2025-11-28 11:42:22,64.07,8
ORD_000013,SES_002703,USER_001874,2025-10-16 08:13:22,135.8,9
ORD_000014,SES_004929,USER_001311,2025-10-15 08:14:22,39.24,1
ORD_000015,SES_000185,USER_001745,2025-09-20 00:42:22,38.7,4
ORD_000016,SES_002526,USER_001714,2025-11-30 18:19:22,88.82,6
ORD_000017,SES_001969,USER_000964,2025-12-12 09:44:22,54.33,4
ORD_000018,SES_000892,USER_000031,2025-11-06 07:08:22,366.07,8
ORD_000019,SES_002771,USER_000539,2025-10-06 02:59:22,56.93,7
ORD_000020,SES_000177,USER_001876,2025-11-05 14:30:22,13.59,6
ORD_000021,SES_003598,USER_001110,2025-11-20 21:37:22,42.45,1
ORD_000022,SES_000579,USER_000667,2025-10-25 16:49:22,35.58,9
ORD_000023,SES_004074,USER_001421,2025-09-20 01:28:22,41.47,
ORD_000024,SES_002104,USER_001133,2025-10-07 04:41:22,39.91,8
ORD_000025,SES_000583,USER_000741,2025-11-24 03:01:22,267.28,
ORD_000026,SES_003546,USER_000180,2025-10-04 18:13:22,94.12,5
ORD_000027,SES_002249,USER_001983,2025-11-23 11:40:22,370.25,1
ORD_000028,SES_003941,USER_000139,2025-09-20 02:34:22,65.96,6
ORD_000029,SES_003967,USER_000969,2025-11-01 00:55:22,131.34,3
ORD_000030,SES_003173,USER_000464,2025-11-11 09:57:22,120.81,8
ORD_000031,SES_001546,USER_000365,2025-11-24 02:11:22,64.08,6
ORD_000032,SES_000832,USER_001662,2025-10-16 06:21:22,45.6,7
ORD_000033,SES_000327,USER_001261,2025-09-25 01:23:22,99.39,5
ORD_000034,SES_001874,USER_000589,2025-09-30 15:59:22,25.55,10
ORD_000035,SES_001281,USER_000173,2025-10-14 00:37:22,27.08,4
ORD_000036,SES_002028,USER_000764,2025-12-12 21:15:22,88.18,5
ORD_000037,SES_000997,USER_000782,2025-11-12 05:06:22,59.55,5
ORD_000038,SES_004784,USER_001600,2025-12-17 19:08:22,61.7,7
ORD_000039,SES_003757,USER_000319,2025-10-18 19:01:22,82.19,
ORD_000040,SES_003294,USER_000213,2025-10-15 19:10:22,24.74,4
ORD_000041,SES_003866,USER_001594,2025-12-13 05:42:22,84.15,1
ORD_000042,SES_000475,USER_001663,2025-10-28 19:07:22,152.99,1
ORD_000043,SES_001329,USER_001503,2025-11-22 07:27:22,30.46,8
ORD_000044,SES_002968,USER_000397,2025-11-23 06:44:22,55.0,8
ORD_000045,SES_002518,USER_000389,2025-11-25 13:11:22,63.97,4
ORD_000046,SES_003079,USER_000742,2025-09-25 05:47:22,31.07,8
ORD_000047,SES_000817,USER_001720,2025-10-02 04:02:22,126.91,7
ORD_000048,SES_003386,USER_001801,2025-10-13 23:47:22,692.48,2
ORD_000049,SES_004178,USER_001749,2025-11-13 04:54:22,46.67,7
ORD_000050,SES_002081,USER_000097,2025-11-23 09:16:22,70.77,10
ORD_000051,SES_002397,USER_000661,2025-10-29 11:13:22,31.26,7
ORD_000052,SES_002278,USER_000322,2025-11-22 11:45:22,58.45,3
ORD_000053,SES_003111,USER_000907,2025-12-08 20:24:22,97.81,10
ORD_000054,SES_004864,USER_001119,2025-09-20 17:25:22,22.3,
ORD_000055,SES_003436,USER_000092,2025-11-03 10:34:22,26.86,10
ORD_000056,SES_002318,USER_000773,2025-10-24 04:33:22,26.48,9
ORD_000057,SES_002994,USER_000444,2025-12-17 02:16:22,79.44,2
ORD_000058,SES_004138,USER_000610,2025-09-28 08:50:22,85.29,7
ORD_000059,SES_004973,USER_000456,2025-09-26 22:17:22,286.59,5
ORD_000060,SES_001475,USER_000912,2025-12-09 11:51:22,54.38,4
ORD_000061,SES_002059,USER_000857,2025-11-25 17:17:22,323.09,3
ORD_000062,SES_000689,USER_001294,2025-11-26 03:49:22,31.9,4
ORD_000063,SES_004443,USER_000985,2025-11-14 18:03:22,52.17,5
ORD_000064,SES_001868,USER_001018,2025-12-05 06:35:22,128.26,2
ORD_000065,SES_001518,USER_000979,2025-11-27 16:46:22,7.77,10
ORD_000066,SES_004166,USER_001865,2025-11-11 00:26:22,21.56,
ORD_000067,SES_000552,USER_000681,2025-11-15 03:35:22,89.35,2
ORD_000068,SES_000722,USER_001430,2025-11-15 01:36:22,44.28,10
ORD_000069,SES_001984,USER_001850,2025-11-21 04:00:22,35.18,6
ORD_000070,SES_003637,USER_000824,2025-11-02 09:12:22,37.67,7
ORD_000071,SES_001041,USER_000278,2025-11-16 16:57:22,17.77,3
ORD_000072,SES_002228,USER_000644,2025-11-12 02:57:22,31.37,
ORD_000073,SES_002286,USER_001141,2025-10-22 14:32:22,56.88,4
ORD_000074,SES_004040,USER_001709,2025-11-11 08:52:22,1342.42,4
ORD_000075,SES_004880,USER_000867,2025-11-27 09:06:22,69.28,5
ORD_000076,SES_001288,USER_000124,2025-12-12 04:05:22,42.64,2
ORD_000077,SES_004738,USER_001872,2025-10-18 22:43:22,43.01,9
ORD_000078,SES_003749,USER_000330,2025-10-28 17:49:22,68.46,10
ORD_000079,SES_002660,USER_000108,2025-11-10 15:48:22,30.56,1
ORD_000080,SES_004708,USER_001200,2025-09-28 16:10:22,26.7,1
ORD_000081,SES_000757,USER_000014,2025-11-13 13:36:22,63.39,2
ORD_000082,SES_002181,USER_000633,2025-09-26 06:24:22,47.0,6
ORD_000083,SES_002453,USER_001781,2025-11-01 21:17:22,74.77,9
ORD_000084,SES_004344,USER_001648,2025-10-23 23:26:22,276.21,3
ORD_000085,SES_004713,USER_001169,2025-09-20 07:38:22,11.8,9
ORD_000086,SES_002505,USER_000324,2025-11-23 02:01:22,114.03,4
ORD_000087,SES_000164,USER_000094,2025-10-03 00:43:22,25.32,2
ORD_000088,SES_000041,USER_001771,2025-11-15 12:58:22,62.37,2
ORD_000089,SES_004706,USER_001860,2025-10-05 02:23:22,37.68,7
ORD_000090,SES_002536,USER_000694,2025-10-21 18:37:22,198.07,7
ORD_000091,SES_003150,USER_000583,2025-10-07 01:01:22,81.13,4
ORD_000092,SES_002784,USER_001469,2025-11-22 03:01:22,56.73,4
ORD_000093,SES_004460,USER_001011,2025-11-29 05:04:22,54.43,9
ORD_000094,SES_002090,USER_001806,2025-10-30 06:17:22,77.35,6
ORD_000095,SES_003320,USER_000818,2025-10-30 17:08:22,95.53,2
ORD_000096,SES_001923,USER_001318,2025-10-25 10:32:22,72.25,5
ORD_000097,SES_004752,USER_000878,2025-10-25 18:32:22,65.69,9
ORD_000098,SES_001268,USER_001871,2025-11-22 09:59:22,13.49,5
ORD_000099,SES_002370,USER_001355,2025-12-08 02:27:22,353.99,4
ORD_000100,SES_004591,USER_000045,2025-10-26 14:54:22,108.47,2
ORD_000101,SES_004122,USER_001041,2025-09-24 06:54:22,48.82,10
ORD_000102,SES_004050,USER_000264,2025-10-11 05:54:22,31.25,2
ORD_000103,SES_004589,USER_001982,2025-11-22 15:45:22,40.27,1
ORD_000104,SES_000150,USER_000741,2025-10-12 20:51:22,79.1,2
ORD_000105,SES_003905,USER_000718,2025-11-26 10:34:22,17.14,7
ORD_000106,SES_001999,USER_001417,2025-10-04 07:27:22,31.44,8
ORD_000107,SES_003920,USER_000661,2025-09-23 04:07:22,32.04,4
ORD_000108,SES_003255,USER_001416,2025-11-16 05:05:22,197.71,4
ORD_000109,SES_003911,USER_000806,2025-10-04 15:51:22,15.29,3
ORD_000110,SES_003425,USER_000538,2025-10-29 07:27:22,10.63,5
ORD_000111,SES_002087,USER_000107,2025-11-22 04:50:22,89.39,8
ORD_000112,SES_004688,USER_001308,2025-11-20 12:41:22,131.37,1
ORD_000113,SES_003851,USER_001462,2025-11-09 15:42:22,72.55,5
ORD_000114,SES_001686,USER_001575,2025-12-12 17:26:22,45.51,
ORD_000115,SES_003710,USER_000904,2025-11-22 06:51:22,14.92,4
ORD_000116,SES_004352,USER_001271,2025-12-06 03:49:22,54.0,4
ORD_000117,SES_000371,USER_001661,2025-12-04 06:45:22,96.8,2
ORD_000118,SES_002635,USER_001117,2025-11-24 20:41:22,38.75,10
ORD_000119,SES_002034,USER_000315,2025-12-14 18:50:22,154.28,10
ORD_000120,SES_002247,USER_000859,2025-11-25 16:43:22,282.53,
ORD_000121,SES_001213,USER_000915,2025-11-03 14:38:22,76.35,5
ORD_000122,SES_002873,USER_000396,2025-11-28 10:49:22,145.96,4
ORD_000123,SES_000914,USER_001314,2025-10-15 13:59:22,15.61,4
ORD_000124,SES_004612,USER_000778,2025-10-28 02:39:22,71.99,8
ORD_000125,SES_004408,USER_000869,2025-11-05 07:21:22,377.8,9
ORD_000126,SES_003724,USER_001373,2025-10-29 08:57:22,97.36,9
ORD_000127,SES_001005,USER_001792,2025-11-17 13:07:22,25.47,1
ORD_000128,SES_003469,USER_001225,2025-12-12 00:30:22,40.61,7
ORD_000129,SES_001039,USER_001452,2025-10-15 17:04:22,67.42,3
ORD_000130,SES_004410,USER_001866,2025-11-21 21:01:22,117.23,7
ORD_000131,SES_004683,USER_000335,2025-11-24 08:57:22,52.39,6
ORD_000132,SES_003657,USER_000911,2025-12-13 20:06:22,130.71,1
ORD_000133,SES_002512,USER_000515,2025-10-31 01:56:22,34.23,5
ORD_000134,SES_003618,USER_001985,2025-12-12 06:35:22,73.36,6
ORD_000135,SES_003566,USER_001133,2025-12-15 06:06:22,98.1,4
ORD_000136,SES_003750,USER_001729,2025-10-24 11:54:22,20.66,2
ORD_000137,SES_003544,USER_000657,2025-11-04 02:12:22,45.77,1
ORD_000138,SES_003483,USER_001619,2025-12-14 15:15:22,59.61,2
ORD_000139,SES_003280,USER_000977,2025-09-22 17:23:22,79.16,1
ORD_000140,SES_000470,USER_001949,2025-11-04 05:24:22,8.92,7
ORD_000141,SES_000669,USER_001984,2025-09-29 06:44:22,256.01,1
ORD_000142,SES_004820,USER_001575,2025-10-01 10:39:22,23.62,1
ORD_000143,SES_000988,USER_000946,2025-09-29 11:29:22,43.14,5
ORD_000144,SES_004927,USER_001528,2025-11-06 01:12:22,127.59,6
ORD_000145,SES_001555,USER_000172,2025-11-16 18:04:22,13.65,5
ORD_000146,SES_002989,USER_001541,2025-09-26 21:18:22,47.67,
ORD_000147,SES_001341,USER_000637,2025-10-08 18:33:22,139.17,2
ORD_000148,SES_003118,USER_001948,2025-12-18 02:58:22,17.74,7
ORD_000149,SES_002074,USER_000660,2025-10-31 19:12:22,129.31,1
ORD_000150,SES_001034,USER_000306,2025-10-15 20:28:22,53.15,7
ORD_000151,SES_002806,USER_001759,2025-12-02 17:21:22,42.16,2
ORD_000152,SES_004726,USER_000119,2025-09-26 00:43:22,14.72,8
ORD_000153,SES_001726,USER_001311,2025-11-01 05:21:22,38.1,10
ORD_000154,SES_000928,USER_000584,2025-12-16 02:46:22,86.4,10
ORD_000155,SES_003673,USER_000945,2025-11-11 01:20:22,69.81,9
ORD_000156,SES_004747,USER_001109,2025-10-24 06:44:22,55.47,8
ORD_000157,SES_004066,USER_000314,2025-11-24 21:03:22,41.19,9
ORD_000158,SES_000127,USER_001102,2025-10-21 17:47:22,38.51,7
ORD_000159,SES_004350,USER_000026,2025-12-16 00:29:22,49.53,4
ORD_000160,SES_002909,USER_001210,2025-09-24 06:03:22,24.18,6
ORD_000161,SES_003445,USER_000788,2025-11-03 11:25:22,92.97,4
ORD_000162,SES_003666,USER_001567,2025-11-15 16:04:22,68.85,8
ORD_000163,SES_002610,USER_000632,2025-11-24 13:35:22,135.16,7
ORD_000164,SES_004712,USER_000115,2025-12-06 08:11:22,27.44,6
ORD_000165,SES_000957,USER_000766,2025-11-30 20:00:22,96.66,2
ORD_000166,SES_000215,USER_000129,2025-12-01 00:58:22,26.28,10
ORD_000167,SES_003071,USER_001646,2025-11-04 14:50:22,159.46,10
ORD_000168,SES_003573,USER_000577,2025-09-21 11:35:22,213.1,5
ORD_000169,SES_001742,USER_000202,2025-12-04 19:21:22,175.3,6
ORD_000170,SES_004844,USER_001773,2025-12-05 18:57:22,36.66,2
ORD_000171,SES_003406,USER_001222,2025-12-19 07:22:22,93.11,9
ORD_000172,SES_003973,USER_001312,2025-09-25 11:57:22,61.06,1
ORD_000173,SES_000381,USER_001784,2025-11-13 03:22:22,41.01,7
ORD_000174,SES_002483,USER_000570,2025-11-07 14:24:22,51.45,10
ORD_000175,SES_002274,USER_000702,2025-10-09 11:44:22,149.0,1
ORD_000176,SES_003649,USER_001277,2025-11-25 10:40:22,60.56,5
ORD_000177,SES_003912,USER_000362,2025-12-11 02:49:22,110.78,8
ORD_000178,SES_003943,USER_001772,2025-10-25 11:20:22,34.44,9
ORD_000179,SES_000910,USER_001406,2025-11-10 13:46:22,34.0,3
ORD_000180,SES_002226,USER_001250,2025-10-29 06:37:22,77.09,2
ORD_000181,SES_000279,USER_000155,2025-10-24 06:11:22,35.62,6
ORD_000182,SES_002912,USER_001711,2025-12-05 05:20:22,125.35,10
ORD_000183,SES_003689,USER_001089,2025-10-06 15:46:22,167.4,1
ORD_000184,SES_003835,USER_001264,2025-10-31 05:37:22,97.14,4
ORD_000185,SES_000454,USER_001103,2025-12-13 10:41:22,85.63,5
ORD_000186,SES_001105,USER_000978,2025-10-12 13:33:22,56.32,6
ORD_000187,SES_002992,USER_000432,2025-11-10 06:35:22,175.35,2
ORD_000188,SES_000701,USER_000964,2025-12-08 05:06:22,95.46,4
ORD_000189,SES_002949,USER_000655,2025-11-04 11:50:22,135.34,8
ORD_000190,SES_003019,USER_000515,2025-10-10 21:27:22,131.76,4
ORD_000191,SES_002311,USER_001622,2025-12-17 15:24:22,116.77,8
ORD_000192,SES_002098,USER_001476,2025-12-02 00:38:22,47.11,6
ORD_000193,SES_002312,USER_000086,2025-11-24 13:15:22,31.3,5
ORD_000194,SES_000294,USER_001069,2025-11-19 08:52:22,25.71,6
ORD_000195,SES_002628,USER_001570,2025-11-15 10:29:22,120.49,1
ORD_000196,SES_003755,USER_000780,2025-11-12 16:58:22,236.0,4
ORD_000197,SES_002653,USER_000857,2025-09-22 03:21:22,36.78,3
ORD_000198,SES_001083,USER_000765,2025-10-07 18:17:22,74.39,8
ORD_000199,SES_003033,USER_001531,2025-09-21 13:23:22,16.62,8
ORD_000200,SES_003191,USER_001920,2025-09-22 18:11:22,40.35,5
ORD_000201,SES_001774,USER_001427,2025-11-15 03:17:22,38.11,9
ORD_000202,SES_004020,USER_001204,2025-12-15 00:31:22,77.94,10
ORD_000203,SES_002117,USER_000509,2025-11-27 02:18:22,69.98,6
ORD_000204,SES_002189,USER_001443,2025-11-22 16:52:22,206.23,3
ORD_000205,SES_004503,USER_001409,2025-10-09 08:08:22,125.26,8
ORD_000206,SES_002205,USER_000681,2025-11-04 18:06:22,142.34,5
ORD_000207,SES_002925,USER_000025,2025-10-03 16:58:22,37.21,3
ORD_000208,SES_002758,USER_001639,2025-11-28 08:31:22,302.52,5
ORD_000209,SES_002760,USER_000917,2025-10-06 05:54:22,83.01,1
ORD_000210,SES_003879,USER_001168,2025-09-29 05:01:22,126.61,7
ORD_000211,SES_003198,USER_001348,2025-12-04 07:30:22,66.41,7
ORD_000212,SES_003359,USER_001996,2025-11-25 17:51:22,120.13,3
ORD_000213,SES_001725,USER_000765,2025-12-03 04:04:22,42.87,9
ORD_000214,SES_001983,USER_001299,2025-12-18 03:08:22,281.87,4
ORD_000215,SES_002772,USER_001870,2025-09-20 22:42:22,80.46,7
ORD_000216,SES_002225,USER_001121,2025-10-11 21:58:22,64.59,3
ORD_000217,SES_001506,USER_001979,2025-11-26 04:57:22,94.46,
ORD_000218,SES_000027,USER_000943,2025-11-29 04:06:22,116.63,1
ORD_000219,SES_002736,USER_001048,2025-10-01 20:56:22,27.76,7
ORD_000220,SES_000217,USER_001602,2025-09-23 03:59:22,32.56,5
ORD_000221,SES_004631,USER_000356,2025-10-23 18:09:22,92.52,4
ORD_000222,SES_002798,USER_001601,2025-11-14 10:03:22,53.77,9
ORD_000223,SES_001768,USER_000478,2025-10-17 14:03:22,79.78,5
ORD_000224,SES_000081,USER_001984,2025-11-23 21:02:22,11.53,10
ORD_000225,SES_003681,USER_001138,2025-11-20 22:07:22,29.96,2
ORD_000226,SES_001316,USER_001226,2025-10-05 05:06:22,62.73,3
ORD_000227,SES_003854,USER_000634,2025-10-01 10:02:22,25.49,8
ORD_000228,SES_003852,USER_000364,2025-11-07 11:31:22,58.51,5
ORD_000229,SES_001072,USER_000651,2025-12-18 19:13:22,59.1,9
ORD_000230,SES_004326,USER_000705,2025-12-06 16:19:22,48.41,7
ORD_000231,SES_001171,USER_001994,2025-10-06 01:28:22,62.33,1
ORD_000232,SES_003890,USER_000813,2025-09-28 01:56:22,71.24,4
ORD_000233,SES_003188,USER_001956,2025-12-09 16:27:22,16.38,8
ORD_000234,SES_004685,USER_001706,2025-09-23 16:19:22,218.16,2
ORD_000235,SES_002679,USER_001672,2025-12-04 20:18:22,24.62,4
ORD_000236,SES_004158,USER_001296,2025-11-09 13:17:22,51.66,1
ORD_000237,SES_004558,USER_001507,2025-10-25 22:21:22,102.31,7
ORD_000238,SES_004080,USER_000743,2025-10-16 10:01:22,123.85,4
ORD_000239,SES_000494,USER_000074,2025-09-22 14:43:22,89.89,2
ORD_000240,SES_004550,USER_001364,2025-10-29 05:35:22,45.13,6
ORD_000241,SES_004761,USER_000811,2025-09-29 10:39:22,27.0,10
ORD_000242,SES_002234,USER_001162,2025-11-14 17:21:22,52.79,6
ORD_000243,SES_001291,USER_001629,2025-12-09 08:44:22,46.83,4
ORD_000244,SES_003493,USER_001205,2025-11-07 19:00:22,41.99,2
ORD_000245,SES_003303,USER_001000,2025-10-30 03:19:22,59.17,7
ORD_000246,SES_000188,USER_000549,2025-11-04 12:23:22,91.31,2
ORD_000247,SES_001924,USER_001777,2025-11-08 22:18:22,32.89,6
ORD_000248,SES_003357,USER_001317,2025-11-05 04:03:22,128.5,5
ORD_000249,SES_003471,USER_000288,2025-10-09 12:24:22,55.24,1
ORD_000250,SES_004999,USER_000832,2025-10-16 16:18:22,17.56,1
ORD_000251,SES_004427,USER_000970,2025-09-22 06:25:22,62.07,8
ORD_000252,SES_000255,USER_001356,2025-12-09 23:09:22,18.21,3
ORD_000253,SES_001536,USER_001502,2025-10-08 08:58:22,244.8,4
ORD_000254,SES_003807,USER_001704,2025-12-06 08:45:22,34.53,9
ORD_000255,SES_003565,USER_000996,2025-12-10 03:08:22,111.86,9
ORD_000256,SES_002509,USER_001000,2025-09-29 12:11:22,9.74,5
ORD_000257,SES_002165,USER_000236,2025-11-06 20:23:22,11.23,8
ORD_000258,SES_004432,USER_000745,2025-12-16 06:17:22,48.37,5
ORD_000259,SES_001413,USER_000717,2025-12-02 22:40:22,64.32,10
ORD_000260,SES_004916,USER_001662,2025-10-29 02:30:22,169.11,3
ORD_000261,SES_002339,USER_001954,2025-11-16 09:26:22,64.14,1
ORD_000262,SES_001611,USER_000239,2025-12-06 11:54:22,56.48,9
ORD_000263,SES_002953,USER_000857,2025-10-23 09:45:22,81.93,4
ORD_000264,SES_000379,USER_000662,2025-09-20 01:36:22,48.48,6
ORD_000265,SES_000464,USER_000382,2025-10-15 09:00:22,25.21,7
ORD_000266,SES_003949,USER_000758,2025-10-13 04:19:22,128.47,8
ORD_000267,SES_004942,USER_000075,2025-10-24 08:20:22,26.15,10
ORD_000268,SES_003262,USER_000419,2025-11-03 04:35:22,64.55,10
ORD_000269,SES_000841,USER_000336,2025-10-17 07:05:22,38.52,9
ORD_000270,SES_003542,USER_001664,2025-12-03 00:59:22,76.86,3
ORD_000271,SES_002908,USER_000771,2025-09-26 23:36:22,31.24,8
ORD_000272,SES_001835,USER_001137,2025-10-23 01:53:22,110.34,1
ORD_000273,SES_003918,USER_000508,2025-10-22 22:21:22,78.58,5
ORD_000274,SES_004062,USER_001189,2025-12-02 05:54:22,22.42,
ORD_000275,SES_003826,USER_001567,2025-12-02 16:50:22,49.69,6
ORD_000276,SES_004305,USER_000289,2025-10-02 19:33:22,72.11,6
ORD_000277,SES_001144,USER_000242,2025-09-20 18:29:22,199.0,10
ORD_000278,SES_002279,USER_001658,2025-11-26 15:13:22,65.41,4
ORD_000279,SES_004023,USER_000450,2025-12-05 13:12:22,100.99,8
ORD_000280,SES_000870,USER_000593,2025-09-21 11:00:22,73.78,9
ORD_000281,SES_003442,USER_000292,2025-09-21 15:05:22,45.56,10
ORD_000282,SES_002359,USER_000072,2025-12-18 10:13:22,14.73,8
ORD_000283,SES_004623,USER_001822,2025-12-05 22:49:22,7.15,2
ORD_000284,SES_000530,USER_000504,2025-10-28 18:50:22,48.91,5
ORD_000285,SES_004804,USER_000870,2025-10-04 10:17:22,112.18,8
ORD_000286,SES_000916,USER_001510,2025-12-05 21:56:22,248.99,3
ORD_000287,SES_003192,USER_001002,2025-11-10 18:28:22,79.78,4
ORD_000288,SES_001582,USER_000669,2025-09-24 18:01:22,198.77,1
ORD_000289,SES_003509,USER_000129,2025-11-11 00:06:22,15.43,5
ORD_000290,SES_004768,USER_001598,2025-12-15 18:37:22,36.4,10
ORD_000291,SES_002734,USER_000069,2025-11-23 01:42:22,140.03,7
ORD_000292,SES_000178,USER_000877,2025-11-04 10:58:22,88.05,4
ORD_000293,SES_003857,USER_000138,2025-10-20 01:34:22,81.47,1
ORD_000294,SES_001423,USER_001649,2025-10-16 13:51:22,22.43,2
ORD_000295,SES_002811,USER_000945,2025-11-14 10:53:22,31.2,5
ORD_000296,SES_004976,USER_001502,2025-11-06 16:19:22,49.36,4
ORD_000297,SES_001442,USER_000132,2025-11-02 20:25:22,46.39,4
ORD_000298,SES_002821,USER_000825,2025-12-11 15:07:22,40.25,7
ORD_000299,SES_000296,USER_001124,2025-10-19 02:58:22,157.37,4
ORD_000300,SES_000812,USER_000829,2025-10-13 12:25:22,23.72,2
ORD_000301,SES_003181,USER_001838,2025-11-06 00:18:22,123.7,5
ORD_000302,SES_004968,USER_000583,2025-09-28 04:01:22,106.28,5
ORD_000303,SES_000606,USER_000421,2025-11-10 09:29:22,77.52,8
ORD_000304,SES_002857,USER_000161,2025-10-23 09:42:22,59.09,4
ORD_000305,SES_003499,USER_001563,2025-10-23 05:30:22,93.48,3
ORD_000306,SES_003903,USER_000696,2025-10-09 06:05:22,10.99,
ORD_000307,SES_000508,USER_001341,2025-09-20 07:32:22,62.14,2
ORD_000308,SES_003936,USER_000405,2025-09-29 23:36:22,53.61,8
ORD_000309,SES_004175,USER_001330,2025-11-30 09:44:22,59.35,8
ORD_000310,SES_001163,USER_001144,2025-10-06 09:28:22,145.32,2
ORD_000311,SES_001706,USER_001096,2025-09-28 22:40:22,271.21,9
ORD_000312,SES_000439,USER_000106,2025-10-20 13:17:22,31.26,7
ORD_000313,SES_000378,USER_000932,2025-12-11 18:33:22,54.89,9
ORD_000314,SES_000174,USER_000328,2025-11-09 11:27:22,55.79,8
ORD_000315,SES_004292,USER_001424,2025-11-11 10:01:22,27.22,
ORD_000316,SES_000519,USER_001046,2025-09-22 18:55:22,18.38,9
ORD_000317,SES_001612,USER_001855,2025-12-13 18:46:22,66.23,6
ORD_000318,SES_002523,USER_000872,2025-12-10 05:32:22,166.34,5
ORD_000319,SES_004748,USER_001058,2025-12-01 22:33:22,64.72,10
ORD_000320,SES_000151,USER_000849,2025-10-08 19:07:22,24.63,9
ORD_000321,SES_001159,USER_000474,2025-10-02 08:23:22,18.32,3
ORD_000322,SES_001709,USER_000790,2025-09-26 09:42:22,54.47,5
ORD_000323,SES_003935,USER_000604,2025-11-20 12:23:22,162.59,5
ORD_000324,SES_002455,USER_000915,2025-11-14 15:14:22,77.45,9
ORD_000325,SES_001899,USER_000872,2025-10-29 03:39:22,46.07,9
ORD_000326,SES_001457,USER_001441,2025-12-17 13:48:22,21.61,1
ORD_000327,SES_003541,USER_000835,2025-11-11 17:57:22,283.3,4
ORD_000328,SES_004704,USER_000153,2025-11-30 06:13:22,66.46,5
ORD_000329,SES_001439,USER_000829,2025-12-18 00:55:22,65.91,7
ORD_000330,SES_002284,USER_001600,2025-12-18 19:01:22,14.23,7
ORD_000331,SES_002306,USER_001822,2025-09-30 03:35:22,40.21,8
ORD_000332,SES_000801,USER_000479,2025-11-25 22:54:22,15.31,9
ORD_000333,SES_004524,USER_001109,2025-11-10 13:52:22,57.93,5
ORD_000334,SES_000031,USER_000009,2025-11-30 16:30:22,43.19,6
ORD_000335,SES_000740,USER_000982,2025-10-12 23:11:22,140.69,2
ORD_000336,SES_003108,USER_001482,2025-11-24 16:57:22,130.8,2
ORD_000337,SES_004729,USER_000006,2025-09-19 18:46:22,80.06,5
ORD_000338,SES_002888,USER_001252,2025-10-18 04:10:22,32.22,7
ORD_000339,SES_000966,USER_001074,2025-11-28 11:50:22,86.98,1
ORD_000340,SES_000967,USER_001737,2025-11-10 14:57:22,125.36,8
ORD_000341,SES_001430,USER_000623,2025-11-22 17:57:22,188.79,10
ORD_000342,SES_004689,USER_001847,2025-09-23 17:01:22,51.26,6
ORD_000343,SES_002462,USER_000973,2025-09-24 14:14:22,143.29,6
ORD_000344,SES_002154,USER_001404,2025-10-28 03:42:22,34.33,1
ORD_000345,SES_000323,USER_000981,2025-12-14 03:00:22,43.29,6
ORD_000346,SES_002026,USER_001529,2025-10-16 04:03:22,39.94,1
ORD_000347,SES_000559,USER_000832,2025-11-14 00:10:22,71.69,7
ORD_000348,SES_000877,USER_001439,2025-09-22 09:28:22,21.63,8
ORD_000349,SES_004444,USER_001776,2025-12-03 13:50:22,26.46,7
ORD_000350,SES_001276,USER_001609,2025-12-08 01:39:22,37.52,7
ORD_000351,SES_004533,USER_000764,2025-09-21 23:53:22,8.28,1
ORD_000352,SES_003786,USER_001443,2025-10-13 19:13:22,56.86,10
ORD_000353,SES_004912,USER_001053,2025-12-04 00:55:22,33.13,2
ORD_000354,SES_000774,USER_000396,2025-11-17 21:51:22,60.82,1
ORD_000355,SES_002156,USER_000248,2025-11-11 18:37:22,57.34,7
ORD_000356,SES_003561,USER_000427,2025-11-30 19:13:22,50.78,10
ORD_000357,SES_002927,USER_001406,2025-09-22 06:59:22,78.67,2
ORD_000358,SES_004835,USER_001222,2025-10-09 14:08:22,84.48,10
ORD_000359,SES_002859,USER_000994,2025-09-22 12:48:22,26.56,9
ORD_000360,SES_000786,USER_001769,2025-10-05 18:21:22,44.45,8
ORD_000361,SES_000673,USER_000584,2025-11-25 17:46:22,117.89,1
ORD_000362,SES_001189,USER_001242,2025-10-01 18:43:22,52.56,8
ORD_000363,SES_000226,USER_000556,2025-11-05 06:00:22,76.11,3
ORD_000364,SES_001545,USER_000673,2025-12-04 23:48:22,35.86,6
ORD_000365,SES_001889,USER_001103,2025-11-16 05:25:22,67.77,3
ORD_000366,SES_000488,USER_001171,2025-12-19 07:14:22,58.11,7
ORD_000367,SES_003011,USER_001067,2025-10-24 14:33:22,80.8,9
ORD_000368,SES_004938,USER_001569,2025-11-13 03:56:22,164.74,9
ORD_000369,SES_003153,USER_000585,2025-11-20 03:45:22,58.6,10
ORD_000370,SES_003545,USER_000939,2025-12-06 13:01:22,35.76,3
ORD_000371,SES_004749,USER_001149,2025-09-26 01:26:22,42.1,8
ORD_000372,SES_002080,USER_001126,2025-11-10 13:21:22,65.79,3
ORD_000373,SES_001264,USER_000504,2025-11-18 20:15:22,22.3,10
ORD_000374,SES_001777,USER_000345,2025-12-06 15:17:22,10.18,9
ORD_000375,SES_004702,USER_001385,2025-11-29 11:32:22,31.98,2
ORD_000376,SES_002377,USER_001825,2025-09-22 04:59:22,84.18,1
ORD_000377,SES_001548,USER_001717,2025-11-18 22:19:22,15.28,4
ORD_000378,SES_004569,USER_001906,2025-12-05 07:29:22,163.71,10
ORD_000379,SES_001703,USER_000189,2025-11-20 10:07:22,23.82,4
ORD_000380,SES_003946,USER_001505,2025-11-20 02:22:22,56.34,8
ORD_000381,SES_002352,USER_000804,2025-11-26 00:22:22,45.97,9
ORD_000382,SES_001303,USER_000621,2025-10-16 04:25:22,10.89,7
ORD_000383,SES_004341,USER_000997,2025-09-23 06:34:22,44.2,10
ORD_000384,SES_004104,USER_001674,2025-11-15 12:07:22,35.73,4
ORD_000385,SES_002457,USER_000779,2025-10-22 05:59:22,42.51,8
ORD_000386,SES_003154,USER_001770,2025-10-10 13:15:22,57.85,3
ORD_000387,SES_001986,USER_001297,2025-11-26 06:33:22,30.97,
ORD_000388,SES_003884,USER_001900,2025-11-03 23:51:22,45.88,
ORD_000389,SES_003927,USER_000273,2025-09-30 06:28:22,103.19,6
ORD_000390,SES_001977,USER_001424,2025-10-27 11:35:22,34.08,5
ORD_000391,SES_002511,USER_000984,2025-10-08 01:45:22,146.94,3
ORD_000392,SES_004505,USER_000490,2025-11-16 11:11:22,104.19,4
ORD_000393,SES_002659,USER_001130,2025-11-01 01:11:22,287.35,
ORD_000394,SES_000440,USER_001780,2025-10-23 20:08:22,36.37,7
ORD_000395,SES_001996,USER_000109,2025-12-13 17:14:22,100.75,6
ORD_000396,SES_000080,USER_001819,2025-11-11 20:22:22,26.35,8
ORD_000397,SES_001469,USER_001300,2025-10-21 08:29:22,73.77,5
ORD_000398,SES_003675,USER_000262,2025-11-12 23:02:22,127.21,2
ORD_000399,SES_003891,USER_000932,2025-12-12 12:32:22,119.23,7
ORD_000400,SES_001120,USER_001933,2025-12-14 16:45:22,19.85,10
ORD_000401,SES_000650,USER_001392,2025-11-24 06:29:22,97.06,5
ORD_000402,SES_003719,USER_000703,2025-10-15 21:31:22,16.58,3
ORD_000403,SES_004715,USER_001651,2025-12-09 10:10:22,31.03,7
ORD_000404,SES_001675,USER_001602,2025-12-10 11:49:22,94.02,4
ORD_000405,SES_000612,USER_001587,2025-11-22 21:03:22,49.73,5
ORD_000406,SES_003286,USER_000038,2025-09-25 02:01:22,38.81,6
ORD_000407,SES_001298,USER_001553,2025-11-06 10:14:22,261.41,1
ORD_000408,SES_002931,USER_000269,2025-11-03 09:17:22,38.59,2
ORD_000409,SES_000382,USER_001580,2025-09-26 23:57:22,49.15,6
ORD_000410,SES_002704,USER_000476,2025-12-04 01:31:22,68.46,1
ORD_000411,SES_001621,USER_001603,2025-10-04 21:52:22,34.77,10
ORD_000412,SES_001294,USER_000657,2025-10-21 20:15:22,92.33,
ORD_000413,SES_003478,USER_000727,2025-10-22 08:19:22,227.8,10
ORD_000414,SES_003634,USER_001192,2025-09-26 02:53:22,54.33,4
ORD_000415,SES_001194,USER_001937,2025-09-22 12:33:22,144.21,4
ORD_000416,SES_002277,USER_000678,2025-10-13 10:57:22,25.41,
ORD_000417,SES_002501,USER_001678,2025-12-15 23:07:22,145.25,7
ORD_000418,SES_004187,USER_001119,2025-10-08 03:37:22,68.97,8
ORD_000419,SES_002016,USER_000061,2025-12-16 19:11:22,23.55,2
ORD_000420,SES_003817,USER_001121,2025-12-03 08:40:22,15.59,8
ORD_000421,SES_001177,USER_000497,2025-11-15 04:16:22,112.24,9
ORD_000422,SES_003233,USER_001152,2025-12-06 01:51:22,14.86,10
ORD_000423,SES_004575,USER_000828,2025-11-13 22:58:22,216.73,5
ORD_000424,SES_003780,USER_000323,2025-12-10 10:04:22,16.36,7
ORD_000425,SES_003993,USER_000429,2025-12-13 22:01:22,139.82,
ORD_000426,SES_004827,USER_000110,2025-10-10 01:24:22,55.49,6
ORD_000427,SES_001971,USER_000094,2025-12-03 05:13:22,45.92,3
ORD_000428,SES_004180,USER_001014,2025-10-22 00:08:22,45.27,8
ORD_000429,SES_004314,USER_000027,2025-10-14 06:28:22,22.28,5
ORD_000430,SES_004665,USER_001337,2025-12-16 02:33:22,84.48,9
ORD_000431,SES_002199,USER_001506,2025-12-08 11:01:22,11.49,2
ORD_000432,SES_004871,USER_001308,2025-11-09 07:09:22,648.91,2
ORD_000433,SES_001405,USER_001423,2025-11-09 01:00:22,44.18,8
ORD_000434,SES_003574,USER_001114,2025-12-01 18:40:22,28.19,1
ORD_000435,SES_003625,USER_000164,2025-10-20 15:01:22,16.29,7
ORD_000436,SES_001358,USER_000122,2025-12-10 03:32:22,28.24,1
ORD_000437,SES_004149,USER_000432,2025-11-21 20:22:22,108.18,5
ORD_000438,SES_003995,USER_000198,2025-09-24 04:42:22,21.57,4
ORD_000439,SES_003934,USER_000972,2025-11-09 02:26:22,10.22,5
ORD_000440,SES_002107,USER_001007,2025-10-03 12:42:22,19.64,4
ORD_000441,SES_004079,USER_000242,2025-11-17 03:52:22,102.86,9
ORD_000442,SES_004411,USER_000965,2025-09-24 12:47:22,16.65,5
ORD_000443,SES_003143,USER_001516,2025-12-08 05:04:22,38.49,7
ORD_000444,SES_000684,USER_001816,2025-11-01 04:58:22,26.31,1
ORD_000445,SES_000427,USER_001537,2025-10-18 10:32:22,42.16,10
ORD_000446,SES_002414,USER_001559,2025-10-25 03:17:22,63.72,10
ORD_000447,SES_000148,USER_001084,2025-12-08 09:57:22,74.29,8
ORD_000448,SES_003630,USER_001102,2025-10-26 05:03:22,110.71,1
ORD_000449,SES_003109,USER_000541,2025-09-19 20:38:22,97.28,1
ORD_000450,SES_001355,USER_000049,2025-12-07 04:29:22,16.26,
ORD_000451,SES_004890,USER_001664,2025-10-09 00:07:22,51.16,4
ORD_000452,SES_003090,USER_000432,2025-12-19 06:45:22,400.21,7
ORD_000453,SES_003121,USER_000108,2025-11-25 15:39:22,18.39,4
ORD_000454,SES_002569,USER_001960,2025-10-13 22:50:22,22.69,7
ORD_000455,SES_001497,USER_001134,2025-10-18 08:33:22,164.1,5
ORD_000456,SES_002308,USER_000220,2025-12-10 07:18:22,63.87,2
ORD_000457,SES_000822,USER_000815,2025-10-10 22:50:22,21.2,1
ORD_000458,SES_002595,USER_001157,2025-10-30 09:11:22,42.41,1
ORD_000459,SES_003982,USER_001996,2025-11-25 15:12:22,81.52,7
ORD_000460,SES_001806,USER_000149,2025-10-18 22:26:22,47.43,2
ORD_000461,SES_000609,USER_000562,2025-09-21 02:06:22,17.83,7
ORD_000462,SES_004209,USER_001792,2025-11-12 11:11:22,37.59,6
ORD_000463,SES_000412,USER_000381,2025-12-05 20:45:22,60.45,5
ORD_000464,SES_001153,USER_001311,2025-11-01 16:38:22,25.86,10
ORD_000465,SES_002341,USER_000766,2025-12-17 03:03:22,49.5,10
ORD_000466,SES_000166,USER_000205,2025-09-30 23:58:22,99.75,1
ORD_000467,SES_002162,USER_001320,2025-10-23 09:04:22,181.92,6
ORD_000468,SES_000635,USER_000999,2025-10-02 06:57:22,68.82,5
ORD_000469,SES_000066,USER_001308,2025-11-20 15:39:22,91.28,6
ORD_000470,SES_003770,USER_001648,2025-12-11 07:03:22,27.75,4
ORD_000471,SES_000838,USER_001400,2025-11-22 20:23:22,7.97,10
ORD_000472,SES_004644,USER_000815,2025-09-22 00:29:22,71.98,7
ORD_000473,SES_000566,USER_001096,2025-09-26 09:11:22,89.65,10
ORD_000474,SES_001104,USER_001671,2025-09-26 22:23:22,69.62,5
ORD_000475,SES_004876,USER_001022,2025-11-30 17:44:22,29.72,9
ORD_000476,SES_002293,USER_000193,2025-11-15 06:58:22,27.87,5
ORD_000477,SES_002043,USER_000495,2025-12-19 00:47:22,46.05,5
ORD_000478,SES_002036,USER_000287,2025-09-22 06:44:22,35.86,4
ORD_000479,SES_003739,USER_001473,2025-11-09 03:33:22,105.56,
ORD_000480,SES_000461,USER_000640,2025-12-09 16:55:22,93.39,9
ORD_000481,SES_003460,USER_000458,2025-11-02 19:51:22,103.41,4
ORD_000482,SES_002986,USER_001867,2025-10-02 16:39:22,56.46,9
ORD_000483,SES_003587,USER_000536,2025-11-17 23:43:22,161.18,5
ORD_000484,SES_004335,USER_001731,2025-11-18 00:39:22,389.36,7
ORD_000485,SES_002385,USER_000148,2025-12-06 23:51:22,14.91,6
ORD_000486,SES_003242,USER_000672,2025-11-17 14:33:22,32.66,5
ORD_000487,SES_001819,USER_000533,2025-10-23 07:47:22,28.97,8
ORD_000488,SES_002930,USER_001096,2025-12-15 22:03:22,56.72,5
ORD_000489,SES_002604,USER_000935,2025-11-17 03:37:22,17.07,3
ORD_000490,SES_000246,USER_001108,2025-11-13 12:49:22,58.22,5
ORD_000491,SES_000647,USER_000588,2025-10-12 08:16:22,98.28,3
ORD_000492,SES_004772,USER_001653,2025-11-28 04:25:22,46.63,6
ORD_000493,SES_001717,USER_000219,2025-10-20 20:24:22,51.49,7
ORD_000494,SES_003032,USER_000600,2025-10-22 14:24:22,87.49,2
ORD_000495,SES_001713,USER_001289,2025-12-15 02:13:22,18.9,2
ORD_000496,SES_000517,USER_000513,2025-10-11 05:50:22,96.85,9
ORD_000497,SES_000651,USER_000151,2025-10-26 05:15:22,132.26,8
ORD_000498,SES_000249,USER_000010,2025-10-07 01:49:22,39.79,10
ORD_000499,SES_000933,USER_000029,2025-12-03 15:01:22,49.77,5
ORD_000500,SES_002649,USER_001766,2025-11-25 12:00:22,63.78,1
ORD_000501,SES_004188,USER_001534,2025-11-09 20:10:22,12.84,9
ORD_000502,SES_002476,USER_000260,2025-10-26 12:27:22,77.76,6
ORD_000503,SES_003026,USER_000488,2025-11-12 07:38:22,510.48,3
ORD_000504,SES_003629,USER_000681,2025-11-28 23:38:22,55.47,1
ORD_000505,SES_001846,USER_000105,2025-10-14 01:52:22,125.37,3
ORD_000506,SES_000751,USER_001925,2025-10-13 11:47:22,97.48,3
ORD_000507,SES_001794,USER_000343,2025-10-10 18:13:22,93.22,7
ORD_000508,SES_003909,USER_001704,2025-10-03 22:35:22,147.36,3
ORD_000509,SES_000472,USER_000628,2025-12-17 06:37:22,79.57,4
ORD_000510,SES_000380,USER_000999,2025-12-02 17:03:22,105.17,9
ORD_000511,SES_000538,USER_000289,2025-12-11 07:35:22,69.75,10
ORD_000512,SES_003778,USER_001828,2025-10-18 18:41:22,36.79,3
ORD_000513,SES_002255,USER_000200,2025-11-24 07:32:22,21.24,10
ORD_000514,SES_004647,USER_001000,2025-11-13 14:00:22,67.42,9
ORD_000515,SES_001562,USER_001474,2025-11-04 17:19:22,75.18,5
ORD_000516,SES_000756,USER_000672,2025-12-03 07:00:22,127.74,10
ORD_000517,SES_003695,USER_001260,2025-12-09 08:28:22,70.58,9
ORD_000518,SES_002945,USER_000166,2025-12-16 11:02:22,23.91,9
ORD_000519,SES_003399,USER_000691,2025-09-29 04:57:22,180.23,5
ORD_000520,SES_000228,USER_001181,2025-11-24 20:52:22,85.54,1
ORD_000521,SES_004094,USER_001506,2025-10-12 00:29:22,75.8,6
ORD_000522,SES_001911,USER_000115,2025-11-27 12:14:22,53.98,
ORD_000523,SES_000056,USER_001168,2025-11-30 08:00:22,16.34,
ORD_000524,SES_001515,USER_000915,2025-11-21 21:13:22,10.22,6
ORD_000525,SES_000850,USER_001789,2025-10-31 08:27:22,96.02,6
ORD_000526,SES_003648,USER_000213,2025-12-10 00:50:22,9.54,1
ORD_000527,SES_001746,USER_000560,2025-11-02 09:59:22,60.2,3
ORD_000528,SES_003713,USER_000278,2025-12-18 16:36:22,30.87,
ORD_000529,SES_001934,USER_000632,2025-11-02 14:54:22,84.4,3
ORD_000530,SES_004879,USER_001412,2025-12-16 20:07:22,41.59,8
ORD_000531,SES_000363,USER_000498,2025-11-20 17:11:22,31.17,7
ORD_000532,SES_000047,USER_000061,2025-09-26 08:52:22,27.01,10
ORD_000533,SES_002371,USER_000630,2025-12-07 15:12:22,311.02,8
ORD_000534,SES_004635,USER_000094,2025-12-09 08:23:22,56.67,3
ORD_000535,SES_001408,USER_001794,2025-12-14 15:28:22,29.59,8
ORD_000536,SES_003390,USER_001587,2025-11-03 01:33:22,9.43,9
ORD_000537,SES_001282,USER_000738,2025-12-11 17:17:22,54.78,8
ORD_000538,SES_000629,USER_001796,2025-11-03 22:26:22,36.84,7
ORD_000539,SES_004519,USER_000977,2025-11-27 22:19:22,93.46,9
ORD_000540,SES_001295,USER_000460,2025-11-25 17:00:22,18.42,2
ORD_000541,SES_001305,USER_000698,2025-09-24 12:21:22,27.46,5
ORD_000542,SES_002139,USER_001302,2025-10-20 18:36:22,46.77,5
ORD_000543,SES_000128,USER_000674,2025-12-09 03:36:22,222.83,1
ORD_000544,SES_000001,USER_001863,2025-12-14 10:42:22,33.4,10
ORD_000545,SES_003408,USER_000406,2025-11-01 07:24:22,150.51,2
ORD_000546,SES_000634,USER_001155,2025-11-27 07:46:22,117.58,6
ORD_000547,SES_001710,USER_001812,2025-10-24 16:29:22,295.94,4
ORD_000548,SES_004295,USER_000166,2025-12-10 15:36:22,13.1,2
ORD_000549,SES_003124,USER_000777,2025-11-24 12:13:22,37.66,4
ORD_000550,SES_002742,USER_000529,2025-09-25 19:52:22,66.11,2
ORD_000551,SES_002212,USER_000421,2025-10-18 08:44:22,62.7,10
ORD_000552,SES_004863,USER_000435,2025-12-09 21:07:22,49.86,10
ORD_000553,SES_003301,USER_001363,2025-11-23 00:23:22,30.89,9
ORD_000554,SES_000435,USER_001106,2025-11-20 01:42:22,20.69,1
ORD_000555,SES_001402,USER_001854,2025-10-26 17:23:22,107.57,2
ORD_000556,SES_002565,USER_000397,2025-12-17 02:11:22,59.84,6
ORD_000557,SES_000697,USER_001857,2025-12-12 13:26:22,10.85,3
ORD_000558,SES_002219,USER_000868,2025-12-09 05:06:22,78.24,8
ORD_000559,SES_002045,USER_001057,2025-12-01 21:41:22,95.57,7
ORD_000560,SES_002797,USER_001601,2025-09-30 18:20:22,54.2,2
ORD_000561,SES_004445,USER_001509,2025-11-25 10:02:22,23.41,3
ORD_000562,SES_000340,USER_001420,2025-10-20 10:34:22,23.7,6
ORD_000563,SES_002268,USER_001879,2025-11-24 13:05:22,27.92,2
ORD_000564,SES_003859,USER_000211,2025-10-02 23:29:22,121.27,6
ORD_000565,SES_000526,USER_000316,2025-10-26 06:26:22,56.45,1
ORD_000566,SES_004564,USER_000006,2025-10-15 14:47:22,14.19,7
ORD_000567,SES_000254,USER_001393,2025-12-09 02:42:22,32.39,5
ORD_000568,SES_000267,USER_001455,2025-11-11 11:29:22,12.75,2
ORD_000569,SES_002481,USER_001663,2025-11-10 07:29:22,72.25,1
ORD_000570,SES_002777,USER_001940,2025-10-10 21:27:22,110.57,4
ORD_000571,SES_000431,USER_000750,2025-11-02 14:48:22,29.02,9
ORD_000572,SES_000680,USER_000796,2025-09-24 20:04:22,146.07,3
ORD_000573,SES_002588,USER_000589,2025-09-26 08:14:22,378.4,6
ORD_000574,SES_000574,USER_001645,2025-12-12 02:27:22,109.54,6
ORD_000575,SES_000922,USER_001256,2025-10-19 13:06:22,47.45,4
ORD_000576,SES_002687,USER_000746,2025-09-21 11:35:22,36.85,8
ORD_000577,SES_003330,USER_000767,2025-12-09 16:30:22,28.63,
ORD_000578,SES_000477,USER_000492,2025-11-12 05:08:22,31.0,7
ORD_000579,SES_001238,USER_001809,2025-11-23 22:55:22,63.99,5
ORD_000580,SES_003948,USER_001148,2025-10-16 06:54:22,93.94,10
ORD_000581,SES_003328,USER_001691,2025-09-24 13:13:22,39.19,4
ORD_000582,SES_004919,USER_001290,2025-10-15 03:18:22,7.14,7
ORD_000583,SES_001561,USER_000683,2025-11-07 11:54:22,44.77,1
ORD_000584,SES_002245,USER_001299,2025-11-11 09:11:22,27.63,10
ORD_000585,SES_004051,USER_000336,2025-09-24 07:43:22,148.77,3
ORD_000586,SES_003971,USER_000818,2025-10-14 16:36:22,30.44,
ORD_000587,SES_003581,USER_000962,2025-10-20 09:22:22,117.63,10
ORD_000588,SES_003418,USER_001561,2025-10-02 11:12:22,12.89,2
ORD_000589,SES_000408,USER_001122,2025-12-13 14:12:22,20.7,3
ORD_000590,SES_002682,USER_000553,2025-11-08 14:26:22,94.91,2
ORD_000591,SES_002103,USER_000299,2025-09-20 10:07:22,26.85,3
ORD_000592,SES_004116,USER_000474,2025-10-23 10:56:22,28.16,
ORD_000593,SES_002723,USER_000543,2025-12-16 16:07:22,59.83,3
ORD_000594,SES_003081,USER_001463,2025-12-12 18:39:22,12.75,2
ORD_000595,SES_001227,USER_001303,2025-10-18 21:32:22,133.99,2
ORD_000596,SES_002596,USER_000836,2025-11-21 00:29:22,171.96,5
ORD_000597,SES_003869,USER_000442,2025-11-20 23:36:22,69.52,6
ORD_000598,SES_002867,USER_000953,2025-11-06 14:15:22,27.42,
ORD_000599,SES_000068,USER_000264,2025-09-25 06:21:22,13.13,1
ORD_000600,SES_002240,USER_001004,2025-11-20 18:16:22,28.28,2
ORD_000601,SES_001386,USER_001172,2025-10-15 00:29:22,64.71,9
ORD_000602,SES_001471,USER_001416,2025-11-19 09:46:22,101.76,3
ORD_000603,SES_002537,USER_000340,2025-10-27 17:50:22,28.37,3
ORD_000604,SES_003283,USER_000404,2025-10-12 16:51:22,99.99,2
ORD_000605,SES_002138,USER_000789,2025-11-22 21:29:22,80.57,1
ORD_000606,SES_000467,USER_000352,2025-10-08 03:01:22,76.14,2
ORD_000607,SES_003169,USER_000795,2025-10-28 22:17:22,17.51,6
ORD_000608,SES_004839,USER_001447,2025-11-15 08:19:22,65.03,10
ORD_000609,SES_002159,USER_001417,2025-10-19 09:59:22,40.91,10
ORD_000610,SES_004098,USER_001760,2025-10-13 17:59:22,129.57,4
ORD_000611,SES_003400,USER_001319,2025-11-02 05:10:22,102.5,9
ORD_000612,SES_000899,USER_000045,2025-12-02 23:08:22,102.95,10
ORD_000613,SES_004031,USER_000122,2025-11-01 19:06:22,26.42,6
ORD_000614,SES_002765,USER_001518,2025-11-24 09:29:22,5.28,3
ORD_000615,SES_002113,USER_001142,2025-12-18 08:30:22,15.06,2
ORD_000616,SES_000868,USER_000584,2025-11-14 07:10:22,11.61,8
ORD_000617,SES_004246,USER_001122,2025-11-18 10:58:22,82.91,5
ORD_000618,SES_001306,USER_001307,2025-10-21 10:41:22,149.4,9
ORD_000619,SES_004085,USER_001529,2025-11-07 05:26:22,70.98,1
ORD_000620,SES_004088,USER_001828,2025-10-11 22:10:22,11.0,5
ORD_000621,SES_000896,USER_000728,2025-12-08 15:08:22,10.92,6
ORD_000622,SES_000949,USER_000913,2025-11-10 16:59:22,40.82,7
ORD_000623,SES_002459,USER_001165,2025-11-12 07:50:22,62.18,6
ORD_000624,SES_004602,USER_001556,2025-11-09 20:48:22,92.94,6
ORD_000625,SES_004572,USER_000288,2025-10-15 09:27:22,20.86,4
ORD_000626,SES_000796,USER_000980,2025-11-11 07:22:22,38.05,4
ORD_000627,SES_003135,USER_001385,2025-09-28 22:27:22,33.68,6
ORD_000628,SES_000455,USER_000494,2025-11-11 04:33:22,67.56,6
ORD_000629,SES_003024,USER_000565,2025-09-29 10:29:22,26.43,7
ORD_000630,SES_000173,USER_000595,2025-12-04 01:36:22,46.59,7
ORD_000631,SES_000620,USER_001350,2025-10-25 16:50:22,8.44,8
ORD_000632,SES_004650,USER_000803,2025-09-23 01:51:22,211.47,
ORD_000633,SES_004090,USER_000053,2025-12-06 07:37:22,102.86,1
ORD_000634,SES_002706,USER_001880,2025-10-24 19:55:22,41.42,5
ORD_000635,SES_002901,USER_001962,2025-11-30 16:19:22,25.91,
ORD_000636,SES_004015,USER_001403,2025-11-11 20:21:22,18.52,5
ORD_000637,SES_000345,USER_000181,2025-10-15 13:19:22,105.17,
ORD_000638,SES_004561,USER_000851,2025-11-05 10:51:22,56.9,
ORD_000639,SES_001396,USER_000543,2025-09-21 00:46:22,147.99,2
ORD_000640,SES_003290,USER_000720,2025-11-24 18:40:22,134.09,
ORD_000641,SES_004030,USER_000134,2025-10-04 20:04:22,21.49,3
ORD_000642,SES_004493,USER_000163,2025-11-01 18:52:22,46.0,2
ORD_000643,SES_003125,USER_001539,2025-12-19 00:29:22,140.72,4
ORD_000644,SES_002672,USER_000713,2025-11-06 06:30:22,17.94,6
ORD_000645,SES_000383,USER_000383,2025-10-16 15:12:22,93.89,2
ORD_000646,SES_002152,USER_000658,2025-10-07 11:46:22,8.77,5
ORD_000647,SES_002374,USER_001515,2025-10-11 21:17:22,13.94,1
ORD_000648,SES_000749,USER_000835,2025-12-07 01:01:22,65.83,4
ORD_000649,SES_002450,USER_001707,2025-09-23 15:01:22,125.83,2
ORD_000650,SES_001126,USER_001252,2025-12-03 15:07:22,80.25,10
ORD_000651,SES_002135,USER_001621,2025-12-16 03:25:22,10.63,2
ORD_000652,SES_001188,USER_000917,2025-12-03 16:00:22,205.99,9
ORD_000653,SES_003313,USER_000308,2025-10-29 10:22:22,31.42,10
ORD_000654,SES_004045,USER_000830,2025-11-03 19:58:22,12.84,3
ORD_000655,SES_000154,USER_001281,2025-11-12 19:59:22,30.22,7
ORD_000656,SES_004343,USER_000077,2025-12-05 00:11:22,48.46,2
ORD_000657,SES_004414,USER_000304,2025-10-31 14:07:22,15.55,8
ORD_000658,SES_000497,USER_000479,2025-10-23 17:19:22,103.37,9
ORD_000659,SES_002839,USER_001416,2025-12-12 23:47:22,51.39,9
ORD_000660,SES_000358,USER_001467,2025-10-06 19:21:22,55.81,2
ORD_000661,SES_000531,USER_000366,2025-12-16 18:30:22,78.92,10
ORD_000662,SES_002691,USER_001317,2025-09-27 04:29:22,169.15,7
ORD_000663,SES_001015,USER_001503,2025-10-09 11:23:22,2.99,6
ORD_000664,SES_001863,USER_001877,2025-10-04 08:26:22,19.4,9
ORD_000665,SES_003591,USER_000370,2025-11-12 05:45:22,20.85,10
ORD_000666,SES_004193,USER_001552,2025-12-13 08:00:22,176.24,4
ORD_000667,SES_003401,USER_001672,2025-11-10 12:07:22,57.45,4
ORD_000668,SES_001449,USER_000018,2025-12-03 06:59:22,42.48,7
ORD_000669,SES_003365,USER_001703,2025-11-01 22:19:22,56.65,
ORD_000670,SES_004177,USER_000383,2025-09-26 08:56:22,24.93,10
ORD_000671,SES_002065,USER_002000,2025-11-04 13:02:22,182.61,6
ORD_000672,SES_003640,USER_001587,2025-11-06 01:17:22,13.37,5
ORD_000673,SES_000353,USER_001984,2025-09-27 15:34:22,16.36,10
ORD_000674,SES_002403,USER_001252,2025-09-25 01:43:22,66.75,5
ORD_000675,SES_001172,USER_000275,2025-11-26 17:44:22,53.92,
ORD_000676,SES_002088,USER_001571,2025-10-01 01:46:22,8.84,2
ORD_000677,SES_000515,USER_000572,2025-11-20 00:46:22,43.17,1
ORD_000678,SES_003367,USER_001677,2025-10-14 02:39:22,69.6,6
ORD_000679,SES_004616,USER_000508,2025-11-15 22:59:22,226.52,9
ORD_000680,SES_004137,USER_000906,2025-11-29 23:20:22,19.07,7
ORD_000681,SES_000954,USER_000509,2025-11-04 23:48:22,94.92,6
ORD_000682,SES_002416,USER_001017,2025-10-23 09:02:22,201.15,3
ORD_000683,SES_001228,USER_000425,2025-09-20 03:24:22,23.71,1
ORD_000684,SES_000046,USER_001643,2025-11-22 04:23:22,94.9,3
ORD_000685,SES_003131,USER_000020,2025-09-20 03:27:22,103.67,7
ORD_000686,SES_004416,USER_001096,2025-12-05 08:57:22,16.16,9
ORD_000687,SES_000644,USER_001803,2025-11-03 15:14:22,47.04,
ORD_000688,SES_000087,USER_000592,2025-11-08 19:37:22,24.49,10
ORD_000689,SES_000362,USER_000955,2025-12-14 10:15:22,42.27,3
ORD_000690,SES_003516,USER_000347,2025-12-17 01:26:22,49.61,1
ORD_000691,SES_004382,USER_000729,2025-11-06 12:05:22,149.24,7
ORD_000692,SES_000638,USER_001850,2025-11-01 05:27:22,66.37,7
ORD_000693,SES_002169,USER_001796,2025-10-22 06:54:22,83.16,4
ORD_000694,SES_001802,USER_000841,2025-12-05 13:52:22,24.08,8
ORD_000695,SES_003490,USER_001372,2025-09-30 07:37:22,38.58,4
ORD_000696,SES_004725,USER_001985,2025-12-15 02:15:22,10.94,10
ORD_000697,SES_003870,USER_000627,2025-09-27 03:39:22,48.97,10
ORD_000698,SES_001263,USER_000369,2025-11-15 00:06:22,23.89,5
ORD_000699,SES_001849,USER_000322,2025-12-19 05:19:22,78.2,6
ORD_000700,SES_004883,USER_000229,2025-10-14 20:43:22,134.55,3
ORD_000701,SES_003830,USER_000091,2025-11-13 02:43:22,329.96,7
ORD_000702,SES_003207,USER_000913,2025-09-30 11:42:22,158.73,10
ORD_000703,SES_003368,USER_000739,2025-11-23 08:28:22,75.51,7
ORD_000704,SES_000859,USER_001287,2025-11-28 16:06:22,69.22,1
ORD_000705,SES_000389,USER_001128,2025-12-12 21:04:22,35.69,10
ORD_000706,SES_002564,USER_001235,2025-11-09 17:51:22,105.3,7
ORD_000707,SES_002061,USER_000376,2025-09-22 03:25:22,9.75,4
ORD_000708,SES_000996,USER_001933,2025-12-16 05:03:22,29.82,7
ORD_000709,SES_003761,USER_001658,2025-09-21 13:40:22,69.64,5
ORD_000710,SES_000685,USER_000711,2025-10-29 13:29:22,64.8,5
ORD_000711,SES_002642,USER_000624,2025-10-23 13:50:22,8.97,2
ORD_000712,SES_000310,USER_000938,2025-12-12 03:06:22,122.13,1
ORD_000713,SES_000240,USER_000908,2025-10-28 18:51:22,28.82,1
ORD_000714,SES_003543,USER_001592,2025-11-24 00:46:22,48.9,
ORD_000715,SES_000114,USER_001461,2025-10-30 18:05:22,16.18,7
ORD_000716,SES_000659,USER_000140,2025-09-27 07:32:22,41.7,7
ORD_000717,SES_003746,USER_001702,2025-10-23 16:34:22,52.34,2
ORD_000718,SES_002850,USER_001314,2025-11-14 10:32:22,27.04,2
ORD_000719,SES_000909,USER_001337,2025-10-25 04:14:22,332.66,5
ORD_000720,SES_004399,USER_001396,2025-10-20 00:37:22,58.43,8
ORD_000721,SES_000049,USER_001783,2025-11-05 10:49:22,52.57,5
ORD_000722,SES_000045,USER_000628,2025-11-08 11:23:22,53.86,7
ORD_000723,SES_003677,USER_001854,2025-09-23 10:21:22,24.4,4
ORD_000724,SES_003877,USER_001066,2025-12-14 22:17:22,311.75,8
ORD_000725,SES_004536,USER_000534,2025-10-21 08:09:22,183.27,6
ORD_000726,SES_002052,USER_000926,2025-09-19 15:32:22,90.14,4
ORD_000727,SES_001467,USER_001975,2025-10-24 09:14:22,69.54,7
ORD_000728,SES_004153,USER_000367,2025-11-01 16:54:22,17.38,7
ORD_000729,SES_002327,USER_001596,2025-11-16 23:06:22,19.19,4
ORD_000730,SES_003013,USER_001345,2025-10-29 05:58:22,45.4,7
ORD_000731,SES_002971,USER_001014,2025-10-28 07:28:22,66.12,5
ORD_000732,SES_003741,USER_000140,2025-11-08 22:50:22,302.44,1
ORD_000733,SES_003579,USER_001710,2025-11-30 10:59:22,45.15,3
ORD_000734,SES_004338,USER_001774,2025-11-15 12:35:22,149.1,3
ORD_000735,SES_003506,USER_000556,2025-11-25 01:22:22,115.05,4
ORD_000736,SES_003959,USER_001125,2025-12-12 08:07:22,175.22,4
ORD_000737,SES_003951,USER_001261,2025-10-29 20:35:22,101.65,3
ORD_000738,SES_000375,USER_001457,2025-10-23 05:06:22,56.53,10
ORD_000739,SES_003551,USER_000999,2025-11-30 07:57:22,16.08,3
ORD_000740,SES_003999,USER_000935,2025-10-10 20:46:22,87.12,9
ORD_000741,SES_001076,USER_000775,2025-10-14 03:08:22,101.88,4
ORD_000742,SES_004949,USER_000042,2025-11-18 13:33:22,180.75,5
ORD_000743,SES_001906,USER_000871,2025-12-18 07:31:22,198.88,7
ORD_000744,SES_004803,USER_001265,2025-11-12 09:25:22,46.95,7
ORD_000745,SES_000962,USER_000353,2025-11-28 04:04:22,81.1,7
ORD_000746,SES_002122,USER_000258,2025-09-29 03:26:22,24.06,3
ORD_000747,SES_001682,USER_000087,2025-10-22 02:43:22,363.46,8
ORD_000748,SES_000088,USER_001364,2025-12-16 01:24:22,41.88,9
ORD_000749,SES_004849,USER_000394,2025-12-01 22:47:22,68.44,3
ORD_000750,SES_000908,USER_001271,2025-10-29 15:56:22,66.68,
